Daily update: Mon Oct 27 13:55:02 UTC 2025
Daily update: Tue Oct 28 03:47:24 UTC 2025
Daily update: Wed Oct 29 03:54:33 UTC 2025
Daily update: Thu Oct 30 03:49:21 UTC 2025
Daily update: Fri Oct 31 03:50:07 UTC 2025
Daily update: Sat Nov  1 03:48:59 UTC 2025
Daily update: Sun Nov  2 03:52:32 UTC 2025
Daily update: Mon Nov  3 03:57:13 UTC 2025
Daily update: Tue Nov  4 03:48:32 UTC 2025
Daily update: Wed Nov  5 03:50:35 UTC 2025
Daily update: Thu Nov  6 03:54:09 UTC 2025
Daily update: Fri Nov  7 03:50:11 UTC 2025
Daily update: Sat Nov  8 03:43:24 UTC 2025
Daily update: Sun Nov  9 03:50:36 UTC 2025
Daily update: Mon Nov 10 03:56:41 UTC 2025
Daily update: Tue Nov 11 03:52:42 UTC 2025
Daily update: Wed Nov 12 03:51:02 UTC 2025
Daily update: Thu Nov 13 03:54:13 UTC 2025
Daily update: Fri Nov 14 03:52:10 UTC 2025
Daily update: Sat Nov 15 03:45:46 UTC 2025
